game_id,name_en,release_year,player_min,player_max,player_best,playing_time,playing_time_min,playing_time_max,age_min,image_url,thumbnail_url
11,Bohnanza,1997,2,7,5,45,45,45,13,https://cf.geekdo-images.com/8SADtu_4zBH_UJrCo935Iw__original/img/RNuAr2CDbxE3XzeJVkxj4Df3eVM=/0x0/filters:format(jpeg)/pic6348964.jpg,https://cf.geekdo-images.com/8SADtu_4zBH_UJrCo935Iw__thumb/img/vwTEQOWA3Mw__ztkTMulOgJ82Pw=/fit-in/200x150/filters:strip_icc()/pic6348964.jpg
18,RoboRally,1994,2,8,5,120,45,120,12,https://cf.geekdo-images.com/eJx8hRJ6-86C2VrhECwEPA__original/img/-9I8B82hDOO1n0h9urwZUdz6bqc=/0x0/filters:format(jpeg)/pic1000553.jpg,https://cf.geekdo-images.com/eJx8hRJ6-86C2VrhECwEPA__thumb/img/J1PlqFqtN-hxuXM4eEi-ekANPP4=/fit-in/200x150/filters:strip_icc()/pic1000553.jpg
50,Lost Cities,1999,2,2,2,30,30,30,10,https://cf.geekdo-images.com/AL5D-dXabY-Lk3PqIFk_0g__original/img/PdGBQ7xc0GA9ndKnnInx_sQwvl4=/0x0/filters:format(jpeg)/pic4597095.jpg,https://cf.geekdo-images.com/AL5D-dXabY-Lk3PqIFk_0g__thumb/img/Q-76aN92M3OveMp26t7b0i7V-i4=/fit-in/200x150/filters:strip_icc()/pic4597095.jpg
128,Take it Easy!,1983,1,8,4,20,20,20,10,https://cf.geekdo-images.com/4uhHaI4jH-S9SqQ3s9dIrw__original/img/E9x2aqIuUK-msNMWo5UA8Ae_xLo=/0x0/filters:format(jpeg)/pic3108440.jpg,https://cf.geekdo-images.com/4uhHaI4jH-S9SqQ3s9dIrw__thumb/img/meHHpFd-n5Z9fA8HB_Pp76eRmaE=/fit-in/200x150/filters:strip_icc()/pic3108440.jpg
147,Crude: The Oil Game,1974,2,4,4,90,90,90,13,https://cf.geekdo-images.com/I3eBzN15oKeaTLEdjdUEXA__original/img/XAeJPfkjBXikQHsWt9OnbU2Pw44=/0x0/filters:format(jpeg)/pic1389675.jpg,https://cf.geekdo-images.com/I3eBzN15oKeaTLEdjdUEXA__thumb/img/9ZzWTbstIIGBjcLfW3uGXAIo_lk=/fit-in/200x150/filters:strip_icc()/pic1389675.jpg
171,Chess,1475,2,2,2,0,0,0,6,https://cf.geekdo-images.com/0-DjGBOko6RV8zg5ejhYIg__original/img/0pn_QgMuWaIJb2Q7aZNfORse0_o=/0x0/filters:format(jpeg)/pic260745.jpg,https://cf.geekdo-images.com/0-DjGBOko6RV8zg5ejhYIg__thumb/img/kjtoinSrkYV0HZleXMxkJzZwS8k=/fit-in/200x150/filters:strip_icc()/pic260745.jpg
215,Tichu,1991,4,4,4,60,60,60,10,https://cf.geekdo-images.com/gz8_8iYP2SSGVAxpp7CwLg__original/img/9ULfNvkyu0k1m0d63-Mk0k5e0MA=/0x0/filters:format(png)/pic5854968.png,https://cf.geekdo-images.com/gz8_8iYP2SSGVAxpp7CwLg__thumb/img/5jkPnPGk5LWNzuW5GANPDLa4ZRA=/fit-in/200x150/filters:strip_icc()/pic5854968.png
463,Magic: The Gathering,1993,2,2,2,20,20,20,13,https://cf.geekdo-images.com/CxJmNl4wR4InjqyNrMdBTw__original/img/TKQgvl_i6zVYld8Gac8oU-c2ezE=/0x0/filters:format(jpeg)/pic163749.jpg,https://cf.geekdo-images.com/CxJmNl4wR4InjqyNrMdBTw__thumb/img/TtlQgYxLTPyYQWJvruMHfwKPReE=/fit-in/200x150/filters:strip_icc()/pic163749.jpg
497,Vampire,2000,3,5,4,30,30,30,10,https://cf.geekdo-images.com/ee6qVSZtICdh0BwBUm1F9g__original/img/c3Z7BbwNeGQJfxguR8M5X1WgGX0=/0x0/filters:format(png)/pic5294222.png,https://cf.geekdo-images.com/ee6qVSZtICdh0BwBUm1F9g__thumb/img/dU3c6TYqAz10MUz3oxnuc7z5mDE=/fit-in/200x150/filters:strip_icc()/pic5294222.png
811,Rummikub,1977,2,4,4,60,60,60,8,https://cf.geekdo-images.com/LeaLDlTTmeN639MfuflcMw__original/img/fusGQFpm4srwqhM8CDlEDzh0NyQ=/0x0/filters:format(jpeg)/pic2286966.jpg,https://cf.geekdo-images.com/LeaLDlTTmeN639MfuflcMw__thumb/img/CSPEyoFAcA3WwtzDekp3Mfepcek=/fit-in/200x150/filters:strip_icc()/pic2286966.jpg
834,Chronology,1996,2,8,4,30,30,30,12,https://cf.geekdo-images.com/ZE3emXajOJtAD_1jUS4B_g__original/img/gHsTqQrJfCRgpzlCOuraAHMD3I8=/0x0/filters:format(jpeg)/pic4107466.jpg,https://cf.geekdo-images.com/ZE3emXajOJtAD_1jUS4B_g__thumb/img/7pfPkqfvCvcTTGRtX0J0m2r56RU=/fit-in/200x150/filters:strip_icc()/pic4107466.jpg
1293,Boggle,1972,1,8,4,10,10,10,8,https://cf.geekdo-images.com/C0d6NW6cvL8X9P5YsGlabg__original/img/u2gwKLffYsysCtXZKKbKzRlqcCY=/0x0/filters:format(jpeg)/pic318943.jpg,https://cf.geekdo-images.com/C0d6NW6cvL8X9P5YsGlabg__thumb/img/o6sMO-g5kv25t0Pn9B1nJqVDZKs=/fit-in/200x150/filters:strip_icc()/pic318943.jpg
1353,Time's Up!,1999,4,18,6,90,90,90,12,https://cf.geekdo-images.com/eXgj9wE-fRfd4ZfW6PcjIw__original/img/0MM3j-vUQmrabkHVSC0m49cH4TQ=/0x0/filters:format(jpeg)/pic3690440.jpg,https://cf.geekdo-images.com/eXgj9wE-fRfd4ZfW6PcjIw__thumb/img/-eVeJ2xAfaLeEtO5EutEIi1Ce5M=/fit-in/200x150/filters:strip_icc()/pic3690440.jpg
1382,Winner's Circle,2001,2,6,6,60,45,60,10,https://cf.geekdo-images.com/oc-osLnCx5c9on7qBCh-6w__original/img/6C0n0ci5hQgO9JEvFljUyF_cebA=/0x0/filters:format(jpeg)/pic3159401.jpg,https://cf.geekdo-images.com/oc-osLnCx5c9on7qBCh-6w__thumb/img/5O4E_gigS35xcBMAKKCOFORIoQk=/fit-in/200x150/filters:strip_icc()/pic3159401.jpg
1912,World Cup Tournament Football,1993,2,10,6,60,60,60,10,https://cf.geekdo-images.com/CAEofket7HB4buxrS9rk9g__original/img/qLTQH60u43Li3yl3p4kK_hcDf18=/0x0/filters:format(jpeg)/pic6342.jpg,https://cf.geekdo-images.com/CAEofket7HB4buxrS9rk9g__thumb/img/P0zhebDD4fM43DxuegGmzClPHkQ=/fit-in/200x150/filters:strip_icc()/pic6342.jpg
2484,Explore Europe,1954,2,6,4,30,30,30,9,https://cf.geekdo-images.com/CJypyqo-ubySsKxBO686wQ__original/img/266Fi8YtHbbICHzNwGYBICkfgsM=/0x0/filters:format(jpeg)/pic2459612.jpg,https://cf.geekdo-images.com/CJypyqo-ubySsKxBO686wQ__thumb/img/nHv7L_H4HxzmlJxGOE3bQ1D3qHc=/fit-in/200x150/filters:strip_icc()/pic2459612.jpg
2651,Power Grid,2004,2,6,4,120,120,120,12,https://cf.geekdo-images.com/yd6LuatytHRhcFCxCf-EEg__original/img/OS13C6W4i1XW__wWVVVaqF7BV0c=/0x0/filters:format(jpeg)/pic4459753.jpg,https://cf.geekdo-images.com/yd6LuatytHRhcFCxCf-EEg__thumb/img/jWTonZ5oYNlPzpELKHIJGWSS0Y8=/fit-in/200x150/filters:strip_icc()/pic4459753.jpg
2866,The London Game,1972,2,6,5,30,30,30,7,https://cf.geekdo-images.com/rPorbmsT4t_OKLolLWrzlg__original/img/B_FEkX2ofVyN154YUNlPZwD_x1w=/0x0/filters:format(jpeg)/pic1364067.jpg,https://cf.geekdo-images.com/rPorbmsT4t_OKLolLWrzlg__thumb/img/yvXDHkntn6e4t2PrcPUs-wWRouM=/fit-in/200x150/filters:strip_icc()/pic1364067.jpg
2921,The Game of Life,1960,2,6,4,60,60,60,8,https://cf.geekdo-images.com/c4S2XDRb_DCYCAV-ZAzDpg__original/img/23KgFL2BIq657VftWjAuxnrP-3s=/0x0/filters:format(jpeg)/pic288405.jpg,https://cf.geekdo-images.com/c4S2XDRb_DCYCAV-ZAzDpg__thumb/img/tAejWvDTc-mXjX2euOrJwaXP2Y8=/fit-in/200x150/filters:strip_icc()/pic288405.jpg
3141,The Bucket King,2002,2,6,5,45,45,45,10,https://cf.geekdo-images.com/8fnUMXNf25EV7VvUKri93Q__original/img/sASrFvKDVOBQsnWZaP5DarUo-XM=/0x0/filters:format(jpeg)/pic48604.jpg,https://cf.geekdo-images.com/8fnUMXNf25EV7VvUKri93Q__thumb/img/8DElYWOQdCT5n7nkiHFva7ooDTE=/fit-in/200x150/filters:strip_icc()/pic48604.jpg
3341,Burn Rate,2002,2,4,3,45,45,45,13,https://cf.geekdo-images.com/lzW2e64kLOUVBYSYUD3Y5w__original/img/hfuL1yoGzMuxOvpK5RtRum3DIec=/0x0/filters:format(jpeg)/pic643192.jpg,https://cf.geekdo-images.com/lzW2e64kLOUVBYSYUD3Y5w__thumb/img/SXE4JZitF4kFufWJS_sKBXIi834=/fit-in/200x150/filters:strip_icc()/pic643192.jpg
4855,Crazy Race,1994,3,5,5,45,45,45,10,https://cf.geekdo-images.com/fOuKNMFQscPyPIhO40k7sg__original/img/WbphBcQcJPbzEtI3K8f8dPaL4pU=/0x0/filters:format(jpeg)/pic1052937.jpg,https://cf.geekdo-images.com/fOuKNMFQscPyPIhO40k7sg__thumb/img/4BhKaEAIzsdS8ErM-XIIOcUbSds=/fit-in/200x150/filters:strip_icc()/pic1052937.jpg
5716,Balloon Cup,2003,2,2,2,30,30,30,8,https://cf.geekdo-images.com/YHPPsc22emFVr-eXHPd_BA__original/img/Tgf9oZJzPw3kKM1lrVNvtjPx7kk=/0x0/filters:format(jpeg)/pic63292.jpg,https://cf.geekdo-images.com/YHPPsc22emFVr-eXHPd_BA__thumb/img/BxIZkGvFA46WWTZWeqCgmGPILlU=/fit-in/200x150/filters:strip_icc()/pic63292.jpg
7097,Go: The International Travel Game,1961,2,6,3,60,60,60,0,https://cf.geekdo-images.com/c9zdNnrF2BEtgptvwkGMXQ__original/img/YKEprsKXecbWiPLVisBogOdTTBM=/0x0/filters:format(jpeg)/pic393629.jpg,https://cf.geekdo-images.com/c9zdNnrF2BEtgptvwkGMXQ__thumb/img/7pUDBUoHD_qPwFX5T5347suOe9c=/fit-in/200x150/filters:strip_icc()/pic393629.jpg
8098,Jungle Speed,1997,2,8,5,10,10,10,7,https://cf.geekdo-images.com/pb553nZgH3akaF24MzT7nA__original/img/YVxlSoQ5q-8w4FMn8hM6Gz4nCNg=/0x0/filters:format(jpeg)/pic4659199.jpg,https://cf.geekdo-images.com/pb553nZgH3akaF24MzT7nA__thumb/img/Clb-hjbKmSJcl6U6UJMqAz0Kxy0=/fit-in/200x150/filters:strip_icc()/pic4659199.jpg
9674,Ingenious,2004,1,4,2,45,30,45,8,https://cf.geekdo-images.com/k_dMkjiVuLX8syS0Gt-OGw__original/img/eAPVDeBKS0TP8tirZLLVjEolKds=/0x0/filters:format(jpeg)/pic3958804.jpg,https://cf.geekdo-images.com/k_dMkjiVuLX8syS0Gt-OGw__thumb/img/telyWJXo1FrPl0aPQ184Yn4L8zw=/fit-in/200x150/filters:strip_icc()/pic3958804.jpg
11084,Jumbo & Co,2004,3,6,4,15,15,15,8,https://cf.geekdo-images.com/sncww3OZjmy2d7EZUHbKAg__original/img/aSlzdAV70O9lUi_d3jOfXIztG7A=/0x0/filters:format(jpeg)/pic2378963.jpg,https://cf.geekdo-images.com/sncww3OZjmy2d7EZUHbKAg__thumb/img/aHXB7U7NB_LVO9M_TE-Yk_kuMn4=/fit-in/200x150/filters:strip_icc()/pic2378963.jpg
13004,The Downfall of Pompeii,2004,2,4,4,45,45,45,10,https://cf.geekdo-images.com/eZjGZ9O4hdUnc47rDgAgRg__original/img/dH4prpq1jPIi9IS_7a44MlBm6J4=/0x0/filters:format(jpeg)/pic1685805.jpg,https://cf.geekdo-images.com/eZjGZ9O4hdUnc47rDgAgRg__thumb/img/Ii0rodwBgEzpHofswh32VECo1xk=/fit-in/200x150/filters:strip_icc()/pic1685805.jpg
15364,Vegas Showdown,2005,3,5,5,75,75,75,12,https://cf.geekdo-images.com/wM_EthfKjJB4sGapwxZMpA__original/img/o8UfHmKFpleejA57xoPXXgaIBFA=/0x0/filters:format(jpeg)/pic4599533.jpg,https://cf.geekdo-images.com/wM_EthfKjJB4sGapwxZMpA__thumb/img/w1713b_KYUg90TgRgcaG-8Tcr-E=/fit-in/200x150/filters:strip_icc()/pic4599533.jpg
15866,Junior Articulate,0,4,20,6,0,0,0,6,https://cf.geekdo-images.com/xp0slois4yx3n7ZcyLNWvg__original/img/k487Goo3gVRiHNjuZjBOn5G1pw0=/0x0/filters:format(jpeg)/pic205991.jpg,https://cf.geekdo-images.com/xp0slois4yx3n7ZcyLNWvg__thumb/img/Z1pSyu_Z9_Pbw1_7ECJ10U1Bkoo=/fit-in/200x150/filters:strip_icc()/pic205991.jpg
22348,Duplik,2005,3,10,5,45,45,45,12,https://cf.geekdo-images.com/pw-YvF01pFqT34_zXKR7gg__original/img/Q6h73YUiE7pQQosmdmrGhb3vSRo=/0x0/filters:format(jpeg)/pic2631879.jpg,https://cf.geekdo-images.com/pw-YvF01pFqT34_zXKR7gg__thumb/img/huNjVpxL2O8EvugKDUY-VyknuRU=/fit-in/200x150/filters:strip_icc()/pic2631879.jpg
23686,Gift Trap,2006,3,8,5,60,60,60,8,https://cf.geekdo-images.com/PdvDLL5q-9XTZCjp3u3PdQ__original/img/jFVon4KY7SPvYW0hY4mQ3e8VbhM=/0x0/filters:format(jpeg)/pic356504.jpg,https://cf.geekdo-images.com/PdvDLL5q-9XTZCjp3u3PdQ__thumb/img/_n_6CNQoWPisWMKcGMgn5898S6c=/fit-in/200x150/filters:strip_icc()/pic356504.jpg
24417,Factory Fun,2006,2,5,4,45,45,45,10,https://cf.geekdo-images.com/Q6Yl85arrnIhR2Icux1t-Q__original/img/zlEIlkDvomZxUvyyx_4ZZXBPgpY=/0x0/filters:format(jpeg)/pic802170.jpg,https://cf.geekdo-images.com/Q6Yl85arrnIhR2Icux1t-Q__thumb/img/BoSmx88xyzYjrrEAsT6OZk2B1s0=/fit-in/200x150/filters:strip_icc()/pic802170.jpg
26884,Escalation!,2007,2,6,4,15,15,15,10,https://cf.geekdo-images.com/tZFY4X7Z4DP9T1-e1VPzPg__original/img/wMu0Ci5Tg4jGwlVcwWtOA2DDlI8=/0x0/filters:format(jpeg)/pic180768.jpg,https://cf.geekdo-images.com/tZFY4X7Z4DP9T1-e1VPzPg__thumb/img/U3TPIQiDYOjmBrlXVmETwol1ig0=/fit-in/200x150/filters:strip_icc()/pic180768.jpg
28143,Race for the Galaxy,2007,2,4,2,60,30,60,12,https://cf.geekdo-images.com/-DOqixs8uwKUvvWPKI4f9w__original/img/Vh-DCkTPa8OU45LaJdUywwhiYqE=/0x0/filters:format(jpeg)/pic5261714.jpg,https://cf.geekdo-images.com/-DOqixs8uwKUvvWPKI4f9w__thumb/img/xLs-ldTPwaADbvzkOpF0sgWzwck=/fit-in/200x150/filters:strip_icc()/pic5261714.jpg
34635,Stone Age,2008,2,4,4,90,60,90,10,https://cf.geekdo-images.com/elmZegVZ6gp4_5izUgxGQQ__original/img/cR92Dm6yQ3Lgxt1yR81zUb0ooqQ=/0x0/filters:format(jpeg)/pic1632539.jpg,https://cf.geekdo-images.com/elmZegVZ6gp4_5izUgxGQQ__thumb/img/MXq3DEKWIozO-PmB4S64BiE5fd0=/fit-in/200x150/filters:strip_icc()/pic1632539.jpg
36553,Time's Up! Title Recall!,2008,4,18,6,60,60,60,12,https://cf.geekdo-images.com/XVqx-bp37COAHcyYUB7KNQ__original/img/dbdo3WivCtIItVGNj8FvJv3LnkQ=/0x0/filters:format(jpeg)/pic3690447.jpg,https://cf.geekdo-images.com/XVqx-bp37COAHcyYUB7KNQ__thumb/img/8i8qQZPAwkAm7yyaLbdn8I6mjmM=/fit-in/200x150/filters:strip_icc()/pic3690447.jpg
37196,Sorry! Sliders,2008,1,4,4,30,30,30,6,https://cf.geekdo-images.com/PKyPm_hY3Ujwd1G_C6OOTQ__original/img/sqAzWk-Uo9mYIdOoDwXPGzrN8Eo=/0x0/filters:format(jpeg)/pic358058.jpg,https://cf.geekdo-images.com/PKyPm_hY3Ujwd1G_C6OOTQ__thumb/img/UMrzRO0xDud1iLz5WqTOExnL8y8=/fit-in/200x150/filters:strip_icc()/pic358058.jpg
46213,Telestrations,2009,4,8,8,30,30,30,12,https://cf.geekdo-images.com/oc3u6OQpJkf9TvDw4iI9xA__original/img/Hh2zbSnLEARMlNg0OzImf2-5FIw=/0x0/filters:format(jpeg)/pic4991936.jpg,https://cf.geekdo-images.com/oc3u6OQpJkf9TvDw4iI9xA__thumb/img/Otc-6MFf-HC9ep-82ub2B2rID78=/fit-in/200x150/filters:strip_icc()/pic4991936.jpg
55600,Shipyard,2009,2,4,3,120,120,120,11,https://cf.geekdo-images.com/sPgjX2_W4XDpE0SUv82HsQ__original/img/Kw1kfAqulSU1lxpSFRhWCH7i1Ns=/0x0/filters:format(jpeg)/pic1809442.jpg,https://cf.geekdo-images.com/sPgjX2_W4XDpE0SUv82HsQ__thumb/img/Hal-DG2J9KHoaonkfQK-BU0HUZA=/fit-in/200x150/filters:strip_icc()/pic1809442.jpg
63888,Innovation,2010,2,4,2,60,45,60,12,https://cf.geekdo-images.com/YBE-vyyYRANWO2NXSQQghg__original/img/-Ec777H5hg1pmx6kQ0PI2A9Iroc=/0x0/filters:format(png)/pic2966859.png,https://cf.geekdo-images.com/YBE-vyyYRANWO2NXSQQghg__thumb/img/GmRDNEKangi2w4daNGHCQiH5h_I=/fit-in/200x150/filters:strip_icc()/pic2966859.png
66088,Q•bitz,2009,2,4,4,25,15,25,8,https://cf.geekdo-images.com/1kn5gs_lLl_tI2poZNxRzQ__original/img/dKFaoNdZMmlHsm0fZDy7CmOU5Co=/0x0/filters:format(jpeg)/pic957087.jpg,https://cf.geekdo-images.com/1kn5gs_lLl_tI2poZNxRzQ__thumb/img/1NXo5jDp6CtYPluMmETd0wf6X9w=/fit-in/200x150/filters:strip_icc()/pic957087.jpg
68448,7 Wonders,2010,2,7,4,30,30,30,10,https://cf.geekdo-images.com/RvFVTEpnbb4NM7k0IF8V7A__original/img/JQvRoz0xns9LZII74-ygKGDq_Es=/0x0/filters:format(jpeg)/pic860217.jpg,https://cf.geekdo-images.com/RvFVTEpnbb4NM7k0IF8V7A__thumb/img/ZlG_SRFChObHenw79fAve56_mnk=/fit-in/200x150/filters:strip_icc()/pic860217.jpg
94731,Heroica: Fortaan,2011,2,4,4,20,20,20,8,https://cf.geekdo-images.com/C_it6oojezxZ6rFe5z2MIA__original/img/PQMKjXKfXb3V5qtbJseOSQ-Dpak=/0x0/filters:format(jpeg)/pic1087316.jpg,https://cf.geekdo-images.com/C_it6oojezxZ6rFe5z2MIA__thumb/img/AFAr3eZ8qaORP8gluzTjXsxbIIA=/fit-in/200x150/filters:strip_icc()/pic1087316.jpg
98351,Core Worlds,2011,2,5,3,120,60,120,10,https://cf.geekdo-images.com/Yim5NN5RexitX1ZaAsrKSg__original/img/vTRod_K2284wZIUN4Xcc9P7g1R0=/0x0/filters:format(jpeg)/pic1063921.jpg,https://cf.geekdo-images.com/Yim5NN5RexitX1ZaAsrKSg__thumb/img/sianmpiJv5zgUJcB5K4fJj0MXyE=/fit-in/200x150/filters:strip_icc()/pic1063921.jpg
100901,Flash Point: Fire Rescue,2011,2,6,4,45,45,45,10,https://cf.geekdo-images.com/v6bTbxeprDFj1nN4AenvjA__original/img/ri91i22ujLCZqxXKhFIdVDPGe8Y=/0x0/filters:format(jpeg)/pic1129370.jpg,https://cf.geekdo-images.com/v6bTbxeprDFj1nN4AenvjA__thumb/img/7AyBFA8JfZHKxC5ntwOjJTbIgWE=/fit-in/200x150/filters:strip_icc()/pic1129370.jpg
103649,The City,2011,2,5,3,30,30,30,10,https://cf.geekdo-images.com/sSuL2M_3ukm0Nj3Z2jGaUA__original/img/iwlC3CzKcGd4V3Q8Nz8s2QyNNNI=/0x0/filters:format(png)/pic4495514.png,https://cf.geekdo-images.com/sSuL2M_3ukm0Nj3Z2jGaUA__thumb/img/fARe1anDcPA71e4SjlsogJFhn7g=/fit-in/200x150/filters:strip_icc()/pic4495514.png
110327,Lords of Waterdeep,2012,2,5,4,120,60,120,12,https://cf.geekdo-images.com/-hk8f8iGk_DyWyMrfiPBkg__original/img/GWNOhno3y7g0XE00VacKaRxoczk=/0x0/filters:format(jpeg)/pic1116080.jpg,https://cf.geekdo-images.com/-hk8f8iGk_DyWyMrfiPBkg__thumb/img/dBqYOO8uLXAumxUGuYtuiRGQ1Y8=/fit-in/200x150/filters:strip_icc()/pic1116080.jpg
120677,Terra Mystica,2012,2,5,4,150,60,150,12,https://cf.geekdo-images.com/bre12I1YiXkZr7elvriz4A__original/img/_dZS7fVfdc4DhJPbqnDpwTT4uF0=/0x0/filters:format(jpeg)/pic5375624.jpg,https://cf.geekdo-images.com/bre12I1YiXkZr7elvriz4A__thumb/img/GW-ip0dfeAee7KQqJ04SRZxF1lg=/fit-in/200x150/filters:strip_icc()/pic5375624.jpg
121921,Robinson Crusoe: Adventures on the Cursed Island,2012,1,4,2,120,60,120,14,https://cf.geekdo-images.com/FbFnaTx3aT5dM18K_bR_Pg__original/img/TB2dGHOnuUr54jQYIJZDIMilOJE=/0x0/filters:format(jpeg)/pic3165731.jpg,https://cf.geekdo-images.com/FbFnaTx3aT5dM18K_bR_Pg__thumb/img/K1ZUx-QNGg-Kkm2D9iUX4bL0-IM=/fit-in/200x150/filters:strip_icc()/pic3165731.jpg
123260,Suburbia,2012,1,4,3,90,60,90,8,https://cf.geekdo-images.com/1YcHesB7LRvCF8i9vgH7qw__original/img/BVcGhHh0nedwcBBzu_ku-yh8LWY=/0x0/filters:format(png)/pic6009608.png,https://cf.geekdo-images.com/1YcHesB7LRvCF8i9vgH7qw__thumb/img/LmYQpfDR6ds-9jGknAgbqjwuVs8=/fit-in/200x150/filters:strip_icc()/pic6009608.png
129409,Save the Animals,0,2,4,2,0,0,0,4,https://cf.geekdo-images.com/DzkgrtCgklPYdLkputcZtQ__original/img/aK_jbjaauyuYzicTOpTD_McP13I=/0x0/filters:format(jpeg)/pic1499810.jpg,https://cf.geekdo-images.com/DzkgrtCgklPYdLkputcZtQ__thumb/img/W4nfrDP6EBS-a3yuREK27Ud7JMg=/fit-in/200x150/filters:strip_icc()/pic1499810.jpg
129622,Love Letter,2012,2,4,4,20,20,20,10,https://cf.geekdo-images.com/T1ltXwapFUtghS9A7_tf4g__original/img/xIAzJY7rl-mtPStRZSqnTVsAr8Y=/0x0/filters:format(jpeg)/pic1401448.jpg,https://cf.geekdo-images.com/T1ltXwapFUtghS9A7_tf4g__thumb/img/GtNX7gCmGpw39Tr6JApWC3Aga5U=/fit-in/200x150/filters:strip_icc()/pic1401448.jpg
130882,Cardline: Animals,2012,2,8,4,15,15,15,7,https://cf.geekdo-images.com/ilKerJKKlhYArP1d1kPlxw__original/img/PXkf-dWH8_fNjTXYFfDBVhwrFZg=/0x0/filters:format(png)/pic1714093.png,https://cf.geekdo-images.com/ilKerJKKlhYArP1d1kPlxw__thumb/img/1iGqqDWBTM-hksmR0W4TLLpyKlw=/fit-in/200x150/filters:strip_icc()/pic1714093.png
131325,Timeline: General Interest,2012,2,8,4,15,15,15,8,https://cf.geekdo-images.com/MZeH8PXB9vn_dlcI7xyrKw__original/img/6N3IBw-jqLINWdtm0_jfuEs8_8M=/0x0/filters:format(jpeg)/pic2374186.jpg,https://cf.geekdo-images.com/MZeH8PXB9vn_dlcI7xyrKw__thumb/img/JoPmAZlZB5MsUjdMO1r_74JmORM=/fit-in/200x150/filters:strip_icc()/pic2374186.jpg
133473,Sushi Go!,2013,2,5,4,15,15,15,8,https://cf.geekdo-images.com/ELZZm3G3mrsTtVRKp-ZRUg__original/img/NDDN9g5aNYOH8sHOvc6BX3ZdmMQ=/0x0/filters:format(jpeg)/pic6749507.jpg,https://cf.geekdo-images.com/ELZZm3G3mrsTtVRKp-ZRUg__thumb/img/D0Eb3nNLPJXjcuI_312QiJB4iMM=/fit-in/200x150/filters:strip_icc()/pic6749507.jpg
136280,La Boca,2013,3,6,4,40,40,40,8,https://cf.geekdo-images.com/PDynASkFxVsBQFnnE5DSWQ__original/img/zZh0ie1XfZJZWN5Lz5jYqsUDkWo=/0x0/filters:format(jpeg)/pic1537847.jpg,https://cf.geekdo-images.com/PDynASkFxVsBQFnnE5DSWQ__thumb/img/rwv8jtteEj2x-IutXEqOim2opO4=/fit-in/200x150/filters:strip_icc()/pic1537847.jpg
144344,Rococo,2013,2,5,3,120,60,120,12,https://cf.geekdo-images.com/Go8mEe3K1VjYFJxLXEUPqQ__original/img/RcJ7xX5K_y0G87nK5ttdcWeb10U=/0x0/filters:format(jpeg)/pic1795272.jpg,https://cf.geekdo-images.com/Go8mEe3K1VjYFJxLXEUPqQ__thumb/img/cclTiR7tkCqMj-TuFAaYfySFmH4=/fit-in/200x150/filters:strip_icc()/pic1795272.jpg
145189,Timeline: Music & Cinema,2013,2,8,4,15,15,15,8,https://cf.geekdo-images.com/UcaJ2YzblMDZ7qFBcX10uA__original/img/34WHI_dTxUM-VrpmxNIOR70wN9Y=/0x0/filters:format(jpeg)/pic1875068.jpg,https://cf.geekdo-images.com/UcaJ2YzblMDZ7qFBcX10uA__thumb/img/l55KMgWar1lQocJL22S3KqzNRbo=/fit-in/200x150/filters:strip_icc()/pic1875068.jpg
146886,La Granja,2014,1,4,3,120,90,120,12,https://cf.geekdo-images.com/ufUK_7N_13rYhsIurbbtzg__original/img/eKzUqIgkc34WsSVq9zSW6sjZgbc=/0x0/filters:format(jpeg)/pic2031777.jpg,https://cf.geekdo-images.com/ufUK_7N_13rYhsIurbbtzg__thumb/img/5EIOSTEfRYq1LtHtSnnR9GFJP_M=/fit-in/200x150/filters:strip_icc()/pic2031777.jpg
147020,Star Realms,2014,2,2,2,20,20,20,12,https://cf.geekdo-images.com/EsJqPL5CB_TMt0MYL-lnVg__original/img/QXgamCDRuBoRJyU1PQjeh58Pvr8=/0x0/filters:format(jpeg)/pic1903816.jpg,https://cf.geekdo-images.com/EsJqPL5CB_TMt0MYL-lnVg__thumb/img/s_CE1b1XXUnYj9auTPhLrvkNsYA=/fit-in/200x150/filters:strip_icc()/pic1903816.jpg
148228,Splendor,2014,2,4,3,30,30,30,10,https://cf.geekdo-images.com/rwOMxx4q5yuElIvo-1-OFw__original/img/Y2tUGY2nPTGd_epJYKQXPkQD8AM=/0x0/filters:format(jpeg)/pic1904079.jpg,https://cf.geekdo-images.com/rwOMxx4q5yuElIvo-1-OFw__thumb/img/D4hkkHfOgu22PwgJomjplWAveuo=/fit-in/200x150/filters:strip_icc()/pic1904079.jpg
154203,Imperial Settlers,2014,1,4,2,90,45,90,10,https://cf.geekdo-images.com/pRwsvyfsRJ-lWWwVJCdXNg__original/img/Cw8O-7dOaO1sZRy95QGImdSm7p8=/0x0/filters:format(jpeg)/pic2871265.jpg,https://cf.geekdo-images.com/pRwsvyfsRJ-lWWwVJCdXNg__thumb/img/-b7sYBaUVxdZ_a33QRfvJY2ccAk=/fit-in/200x150/filters:strip_icc()/pic2871265.jpg
162082,Deus,2014,2,4,3,90,60,90,14,https://cf.geekdo-images.com/NOz3xJ-N5ptlq3rP9m5Wug__original/img/gtzP1OE-ifZdnSHoX1pmVwpF0mY=/0x0/filters:format(png)/pic2219643.png,https://cf.geekdo-images.com/NOz3xJ-N5ptlq3rP9m5Wug__thumb/img/nQQSc-beglCc9XQwvptEwgm07wU=/fit-in/200x150/filters:strip_icc()/pic2219643.png
162886,Spirit Island,2017,1,4,2,120,90,120,13,https://cf.geekdo-images.com/a13ieMPP2s0KEaKNYmtH5w__original/img/nuQlvKPSBG3jsVzaTgZTpNSjlTw=/0x0/filters:format(png)/pic3615739.png,https://cf.geekdo-images.com/a13ieMPP2s0KEaKNYmtH5w__thumb/img/SKiHQ4zAj8uVdtwxOYKIveY9jCo=/fit-in/200x150/filters:strip_icc()/pic3615739.png
163412,Patchwork,2014,2,2,2,30,15,30,8,https://cf.geekdo-images.com/wLW7pFn0--20lEizEz5p3A__original/img/B1j7R-slq8wxgC71Sg1F7S1s7Kg=/0x0/filters:format(jpeg)/pic2270442.jpg,https://cf.geekdo-images.com/wLW7pFn0--20lEizEz5p3A__thumb/img/P49TUiytgjmRAtKsfO7Y3yU_xic=/fit-in/200x150/filters:strip_icc()/pic2270442.jpg
167791,Terraforming Mars,2016,1,5,3,120,120,120,12,https://cf.geekdo-images.com/wg9oOLcsKvDesSUdZQ4rxw__original/img/thIqWDnH9utKuoKVEUqveDixprI=/0x0/filters:format(jpeg)/pic3536616.jpg,https://cf.geekdo-images.com/wg9oOLcsKvDesSUdZQ4rxw__thumb/img/BTxqxgYay5tHJfVoJ2NF5g43_gA=/fit-in/200x150/filters:strip_icc()/pic3536616.jpg
173090,The Game,2015,1,5,3,20,20,20,8,https://cf.geekdo-images.com/g4pn1ieUKfIhERl5Ym6joQ__original/img/ZcwvBXraym0wfre1sm9t1d44BBA=/0x0/filters:format(png)/pic4203279.png,https://cf.geekdo-images.com/g4pn1ieUKfIhERl5Ym6joQ__thumb/img/IRLfNA-yFg0etLOeNFp7QKFsea4=/fit-in/200x150/filters:strip_icc()/pic4203279.png
173346,7 Wonders Duel,2015,2,2,2,30,30,30,10,https://cf.geekdo-images.com/WzNs1mA_o22ZWTR8fkLP2g__original/img/q_TrwF4VnXgW1dFQgtMJexSXOEA=/0x0/filters:format(jpeg)/pic3376065.jpg,https://cf.geekdo-images.com/WzNs1mA_o22ZWTR8fkLP2g__thumb/img/qGf8-LJx4lsNOgpjS6iCs2TyKts=/fit-in/200x150/filters:strip_icc()/pic3376065.jpg
174430,Gloomhaven,2017,1,4,3,120,60,120,14,https://cf.geekdo-images.com/sZYp_3BTDGjh2unaZfZmuA__original/img/7d-lj5Gd1e8PFnD97LYFah2c45M=/0x0/filters:format(jpeg)/pic2437871.jpg,https://cf.geekdo-images.com/sZYp_3BTDGjh2unaZfZmuA__thumb/img/veqFeP4d_3zNhFc3GNBkV95rBEQ=/fit-in/200x150/filters:strip_icc()/pic2437871.jpg
177736,A Feast for Odin,2016,1,4,2,120,30,120,12,https://cf.geekdo-images.com/s9oGMCo1fcfV4Dk3EnqLZw__original/img/N1X-0JB1GapFVhl98nP4tNFXMcM=/0x0/filters:format(png)/pic3146943.png,https://cf.geekdo-images.com/s9oGMCo1fcfV4Dk3EnqLZw__thumb/img/AKxMMz2DTbBrEynhDROla8fdjJ4=/fit-in/200x150/filters:strip_icc()/pic3146943.png
182631,Star Realms: Colony Wars,2015,2,2,2,20,20,20,12,https://cf.geekdo-images.com/FKEjArvFzBTpPJRvU34t8A__original/img/Ixujer_N-Ro0jFErjGdmCdo152k=/0x0/filters:format(jpeg)/pic4324043.jpg,https://cf.geekdo-images.com/FKEjArvFzBTpPJRvU34t8A__thumb/img/v4xPFJ7qUbkc6f7Dpgsn21ZM5YQ=/fit-in/200x150/filters:strip_icc()/pic4324043.jpg
188866,Awkward Guests,2016,1,8,4,75,45,75,12,https://cf.geekdo-images.com/Awopfw5_5Qyh-7YcSbtudA__original/img/GxYtTK43oCTDn2J3pyukUw07bKo=/0x0/filters:format(jpeg)/pic4870482.jpg,https://cf.geekdo-images.com/Awopfw5_5Qyh-7YcSbtudA__thumb/img/HHn3So0Mum6VZliDmEnB2LwfeQ0=/fit-in/200x150/filters:strip_icc()/pic4870482.jpg
193738,Great Western Trail,2016,2,4,3,150,75,150,12,https://cf.geekdo-images.com/u1l0gH7sb_vnvDvoO_QHqA__original/img/2zv_XMQoPFWk9Dn0oS4JY1IeFzw=/0x0/filters:format(jpeg)/pic4887376.jpg,https://cf.geekdo-images.com/u1l0gH7sb_vnvDvoO_QHqA__thumb/img/9lxFidyDb8j6D1vobx4e3UwZ-FI=/fit-in/200x150/filters:strip_icc()/pic4887376.jpg
194880,Dream Home,2016,2,4,4,30,30,30,7,https://cf.geekdo-images.com/CtVH__gM0TBISzOzV3OeFQ__original/img/d2B_-IP89EV5g22xMzggb4yyit0=/0x0/filters:format(jpeg)/pic3176771.jpg,https://cf.geekdo-images.com/CtVH__gM0TBISzOzV3OeFQ__thumb/img/2aOcQ_RKw7fJYJTTdWrFHIk6coE=/fit-in/200x150/filters:strip_icc()/pic3176771.jpg
198994,Hero Realms,2016,2,4,2,30,20,30,12,https://cf.geekdo-images.com/6xc4TuJynN5o_ZF0fHOdAA__original/img/H5xSdHoOk1x5nR16LebPVRh88ZI=/0x0/filters:format(png)/pic6162556.png,https://cf.geekdo-images.com/6xc4TuJynN5o_ZF0fHOdAA__thumb/img/sMbWo--LyzJw_weK0h1ESSPqdtU=/fit-in/200x150/filters:strip_icc()/pic6162556.png
199042,Harry Potter: Hogwarts Battle,2016,2,4,2,60,30,60,11,https://cf.geekdo-images.com/ugYBvYxyWyx8_BqaFKZlGw__original/img/7ifajkbPyvyn8GUavbNOjWZbNYU=/0x0/filters:format(jpeg)/pic3518231.jpg,https://cf.geekdo-images.com/ugYBvYxyWyx8_BqaFKZlGw__thumb/img/dMUeyEvlaSp_x0EoQBuCHfwFCtM=/fit-in/200x150/filters:strip_icc()/pic3518231.jpg
199792,Everdell,2018,1,4,3,80,40,80,13,https://cf.geekdo-images.com/fjE7V5LNq31yVEW_yuqI-Q__original/img/HQ1ti16wT9lqja5_h3gUfHUIcVI=/0x0/filters:format(png)/pic3918905.png,https://cf.geekdo-images.com/fjE7V5LNq31yVEW_yuqI-Q__thumb/img/Cf_mYxR_VvdjTEPXseSurni2JNI=/fit-in/200x150/filters:strip_icc()/pic3918905.png
205597,Jump Drive,2017,2,4,3,30,10,30,13,https://cf.geekdo-images.com/vidEoAQGKIucMiHEwVE-tQ__original/img/c8_pAZOeAxfE6vOoUTUYy3G-z5Y=/0x0/filters:format(jpeg)/pic3121227.jpg,https://cf.geekdo-images.com/vidEoAQGKIucMiHEwVE-tQ__thumb/img/tuaYCNt7vesWf83MSn7_Dwa64m4=/fit-in/200x150/filters:strip_icc()/pic3121227.jpg
209778,Magic Maze,2017,1,8,4,15,15,15,8,https://cf.geekdo-images.com/wJfDIveg2zpTGn8E1WzEpA__original/img/hlp96WuBfwiCijcfPddNmfgTq6E=/0x0/filters:format(jpeg)/pic3268473.jpg,https://cf.geekdo-images.com/wJfDIveg2zpTGn8E1WzEpA__thumb/img/Un57jB38oeBZ0WFdd7rXSOEP-1k=/fit-in/200x150/filters:strip_icc()/pic3268473.jpg
213149,The King's Will,2017,2,4,3,90,50,90,10,https://cf.geekdo-images.com/UnXiTu8xI1A8zB23GecEog__original/img/lcABEB7-dX68Amf_9zQD7GtE9dc=/0x0/filters:format(jpeg)/pic3335532.jpg,https://cf.geekdo-images.com/UnXiTu8xI1A8zB23GecEog__thumb/img/rhdU7M1JY7zNysVv3TbnsXLM4HM=/fit-in/200x150/filters:strip_icc()/pic3335532.jpg
217372,The Quest for El Dorado,2017,2,4,4,60,30,60,10,https://cf.geekdo-images.com/IHOUjBZ9ziMeYTRWp2hYAA__original/img/toEwTTESQ1Yqh4IJ_8lYpSxxDMg=/0x0/filters:format(jpeg)/pic4848678.jpg,https://cf.geekdo-images.com/IHOUjBZ9ziMeYTRWp2hYAA__thumb/img/_dAo-_rzbTzm_oIQscu7NSQ5-hE=/fit-in/200x150/filters:strip_icc()/pic4848678.jpg
218358,Harry Potter: Magical Beasts Board Game,2016,2,4,3,0,0,0,8,https://cf.geekdo-images.com/gs-wBq6lU8fXps7jJ0CbGA__original/img/HCb09K5zXT-NQhjVN4sKqu8Ffl8=/0x0/filters:format(png)/pic4480784.png,https://cf.geekdo-images.com/gs-wBq6lU8fXps7jJ0CbGA__thumb/img/px75uGpBnh6Arkdm8lTCa2md1rE=/fit-in/200x150/filters:strip_icc()/pic4480784.png
219215,Werewords,2017,4,10,6,10,10,10,8,https://cf.geekdo-images.com/4ngyBZXLLKIOdGuUHE7baw__original/img/26CKXFLZQ1sUlUwdu_kJ3E8F4Bs=/0x0/filters:format(jpeg)/pic4415135.jpg,https://cf.geekdo-images.com/4ngyBZXLLKIOdGuUHE7baw__thumb/img/gSGfC0ZMYbOXukqfdBBuxULmyJU=/fit-in/200x150/filters:strip_icc()/pic4415135.jpg
220308,Gaia Project,2017,1,4,3,150,60,150,12,https://cf.geekdo-images.com/hGWFm3hbMlCDsfCsauOQ4g__original/img/tjlflQtUPFiTpLpwk1NCVCS29Ic=/0x0/filters:format(png)/pic5375625.png,https://cf.geekdo-images.com/hGWFm3hbMlCDsfCsauOQ4g__thumb/img/NNG7Ijyx4evp5gcVReis9i0koas=/fit-in/200x150/filters:strip_icc()/pic5375625.png
221769,Bios: Megafauna (Second Edition),2017,1,4,3,180,90,180,12,https://cf.geekdo-images.com/RA8mln_pt3TUeoPCckvCYQ__original/img/3gz98Wb0CG6RnGSYRUclFOcTWfA=/0x0/filters:format(jpeg)/pic4095180.jpg,https://cf.geekdo-images.com/RA8mln_pt3TUeoPCckvCYQ__thumb/img/-DifpQpmgwRBT06MJKqCI3yjSwI=/fit-in/200x150/filters:strip_icc()/pic4095180.jpg
229220,Santa Maria,2017,1,4,3,90,45,90,12,https://cf.geekdo-images.com/bpwAMn7t9LnBQKFJw6VNPg__original/img/6tMXw9izC_uv_AJLOLztsqNPW3o=/0x0/filters:format(jpeg)/pic3882016.jpg,https://cf.geekdo-images.com/bpwAMn7t9LnBQKFJw6VNPg__thumb/img/S-tPq43ITn88ppHjIbi8eaIbOX8=/fit-in/200x150/filters:strip_icc()/pic3882016.jpg
230253,Star Realms: Frontiers,2018,1,4,2,45,20,45,12,https://cf.geekdo-images.com/-CogwvQ7V19RQH0tE6msFw__original/img/mRZ48c_emFwHzpeFIW9PBi8huQc=/0x0/filters:format(png)/pic4171533.png,https://cf.geekdo-images.com/-CogwvQ7V19RQH0tE6msFw__thumb/img/mcqeVvpTU9wcnJXkJcVceZv4Z8s=/fit-in/200x150/filters:strip_icc()/pic4171533.png
242302,Space Base,2018,2,5,3,60,60,60,14,https://cf.geekdo-images.com/MHhQxXVjiaa6C-04nGiIWw__original/img/QyWen0FVOKD_4wf7Na7fdsMTjis=/0x0/filters:format(jpeg)/pic6640638.jpg,https://cf.geekdo-images.com/MHhQxXVjiaa6C-04nGiIWw__thumb/img/rgETRyeuYs_wiZ5y-9Zj5H8kyFo=/fit-in/200x150/filters:strip_icc()/pic6640638.jpg
244115,Shards of Infinity,2018,2,4,2,30,30,30,10,https://cf.geekdo-images.com/GfQBoqOl21zQx-Vy-dSHZw__original/img/OFsvutVOnXspJgkpSfw27Wx-AmA=/0x0/filters:format(png)/pic4064509.png,https://cf.geekdo-images.com/GfQBoqOl21zQx-Vy-dSHZw__thumb/img/YIrtck-_LqOn5Me4cbn8TWk-9UA=/fit-in/200x150/filters:strip_icc()/pic4064509.png
244521,The Quacks of Quedlinburg,2018,2,4,4,45,45,45,10,https://cf.geekdo-images.com/pH5LgRL4mNRon-2NsSDb1Q__original/img/8PEJOyuKGbTaEGbUbCoLQy_i65Y=/0x0/filters:format(png)/pic6137509.png,https://cf.geekdo-images.com/pH5LgRL4mNRon-2NsSDb1Q__thumb/img/E_XspsgbgrVOwOeCuZMO1S8W2rk=/fit-in/200x150/filters:strip_icc()/pic6137509.png
244522,That's Pretty Clever!,2018,1,4,2,30,30,30,8,https://cf.geekdo-images.com/3-unuy5JW1cC8C6EUBNiOA__original/img/YJRIGmJmT0XuhRbOmLN8VdLfEec=/0x0/filters:format(jpeg)/pic4410877.jpg,https://cf.geekdo-images.com/3-unuy5JW1cC8C6EUBNiOA__thumb/img/6lLy1-ra8knFDyG3FznGUp6WK-M=/fit-in/200x150/filters:strip_icc()/pic4410877.jpg
246192,Gizmos,2018,2,4,3,50,40,50,14,https://cf.geekdo-images.com/zin82Hg4MXck86t8fzbsdA__original/img/_S-XINN0voB1OzExPPgePrOWurM=/0x0/filters:format(png)/pic4169718.png,https://cf.geekdo-images.com/zin82Hg4MXck86t8fzbsdA__thumb/img/e-UqOrMfsLCh2T_igK3wkoFrOu8=/fit-in/200x150/filters:strip_icc()/pic4169718.png
254640,Just One,2018,3,7,6,20,20,20,8,https://cf.geekdo-images.com/qKcKjHpzAvLddwBhyindag__original/img/NPUrOSJ5NEC7aPkoEXnTHJ7vICU=/0x0/filters:format(jpeg)/pic4268499.jpg,https://cf.geekdo-images.com/qKcKjHpzAvLddwBhyindag__thumb/img/HhZu2qLp9wyX9PNgvmDE8_hCl-0=/fit-in/200x150/filters:strip_icc()/pic4268499.jpg
262215,Blackout: Hong Kong,2018,1,4,3,150,75,150,14,https://cf.geekdo-images.com/jOLEKfuTY4gLszR1h-0Bfw__original/img/MdeUWXhaqOaDwYULBIWER5vBKTA=/0x0/filters:format(jpeg)/pic4338675.jpg,https://cf.geekdo-images.com/jOLEKfuTY4gLszR1h-0Bfw__thumb/img/503wcpX69A8d-M9hO8wXCyAct7I=/fit-in/200x150/filters:strip_icc()/pic4338675.jpg
266192,Wingspan,2019,1,5,3,70,40,70,10,https://cf.geekdo-images.com/yLZJCVLlIx4c7eJEWUNJ7w__original/img/cI782Zis9cT66j2MjSHKJGnFPNw=/0x0/filters:format(jpeg)/pic4458123.jpg,https://cf.geekdo-images.com/yLZJCVLlIx4c7eJEWUNJ7w__thumb/img/VNToqgS2-pOGU6MuvIkMPKn_y-s=/fit-in/200x150/filters:strip_icc()/pic4458123.jpg
266507,Clank!: Legacy – Acquisitions Incorporated,2019,2,4,4,120,90,120,13,https://cf.geekdo-images.com/hc2NDafu5c24iLJh_IZmyg__original/img/1Fpyz7j7rTvMPRiDdPjn0Vf0m2k=/0x0/filters:format(png)/pic4885780.png,https://cf.geekdo-images.com/hc2NDafu5c24iLJh_IZmyg__thumb/img/8TA1Gn7jERN4yhtXD-xBCGk-QfM=/fit-in/200x150/filters:strip_icc()/pic4885780.png
268620,Similo,2019,2,8,4,15,10,15,7,https://cf.geekdo-images.com/fl0hNCmltu2hpcmXaVnmLg__original/img/1kS0DQYV4y8HQdAmSlNhOW01Lhg=/0x0/filters:format(png)/pic6417388.png,https://cf.geekdo-images.com/fl0hNCmltu2hpcmXaVnmLg__thumb/img/Nwxz6SRTlKky0ynhYUEk2ooRZc4=/fit-in/200x150/filters:strip_icc()/pic6417388.png
269207,The Taverns of Tiefenthal,2019,2,4,2,60,60,60,12,https://cf.geekdo-images.com/H-AU-nhjCbaxWlWj_O-eFw__original/img/lA3TNJgLhVo-hB9rPKxr66js5j0=/0x0/filters:format(jpeg)/pic4873141.jpg,https://cf.geekdo-images.com/H-AU-nhjCbaxWlWj_O-eFw__thumb/img/K_cH8KNrKA2FdgvqtUMubNvoRQU=/fit-in/200x150/filters:strip_icc()/pic4873141.jpg
269210,Twice as Clever!,2019,1,4,2,30,30,30,10,https://cf.geekdo-images.com/d72oC7SUyku90uSjGUbI9Q__original/img/lLVPR-H9VgDRZN5ndQsx25CmseY=/0x0/filters:format(jpeg)/pic4519813.jpg,https://cf.geekdo-images.com/d72oC7SUyku90uSjGUbI9Q__thumb/img/MljCrdZit4DG7OyQjZFzwAd5RDA=/fit-in/200x150/filters:strip_icc()/pic4519813.jpg
269511,Cooper Island,2019,1,4,2,120,60,120,12,https://cf.geekdo-images.com/YDY6ZHqdRyDMvpfQO_jV7A__original/img/A11s0hdDTIG32lwT3d_7NLMHmM0=/0x0/filters:format(jpeg)/pic4853982.jpg,https://cf.geekdo-images.com/YDY6ZHqdRyDMvpfQO_jV7A__thumb/img/AJf9NTVOgyXyntg2jjZW1FuR9aM=/fit-in/200x150/filters:strip_icc()/pic4853982.jpg
272533,Kingdom Rush: Rift in Time,2020,1,4,1,90,45,90,10,https://cf.geekdo-images.com/MWBEOi-5jC1SJJqF8YDHvw__original/img/eVq7_yry6FWLmT28eCpMJyxcGuk=/0x0/filters:format(png)/pic4582182.png,https://cf.geekdo-images.com/MWBEOi-5jC1SJJqF8YDHvw__thumb/img/Y-qHuQ5S69mbLrBhjSGZyfzFo9Q=/fit-in/200x150/filters:strip_icc()/pic4582182.png
274960,Point Salad,2019,2,6,3,30,15,30,8,https://cf.geekdo-images.com/Xy0W9NtEpX0EVjwgxO3IEA__original/img/WdLBZcryNqysYsyC3PNF9FeaPWQ=/0x0/filters:format(png)/pic4621571.png,https://cf.geekdo-images.com/Xy0W9NtEpX0EVjwgxO3IEA__thumb/img/1gKeE2_50dXcL03gH3cEU-Ixj6c=/fit-in/200x150/filters:strip_icc()/pic4621571.png
276025,Maracaibo,2019,1,4,3,120,30,120,12,https://cf.geekdo-images.com/rMNa0k05zMdKgSEp26Q3Tw__original/img/yhnCcq9UplffqjSCe08mjTFvgOM=/0x0/filters:format(jpeg)/pic4917407.jpg,https://cf.geekdo-images.com/rMNa0k05zMdKgSEp26Q3Tw__thumb/img/lVlnhYyxlZb3WuKZJHLoJcFHEjs=/fit-in/200x150/filters:strip_icc()/pic4917407.jpg
282524,Horrified,2019,1,5,3,60,60,60,10,https://cf.geekdo-images.com/SoClIcwjDo_iZs0idVikDw__original/img/TEprFkOM3G_u2HnUvh05WITeXbg=/0x0/filters:format(jpeg)/pic4848330.jpg,https://cf.geekdo-images.com/SoClIcwjDo_iZs0idVikDw__thumb/img/YSf5Z99aBqAlNKaGBj_oGb1oKH4=/fit-in/200x150/filters:strip_icc()/pic4848330.jpg
284083,The Crew: The Quest for Planet Nine,2019,2,5,4,20,20,20,10,https://cf.geekdo-images.com/98LnQShydr11OBKS46xY-Q__original/img/Q-ZkgnuBu9OTBr7J3qnqPjqamAE=/0x0/filters:format(jpeg)/pic5687013.jpg,https://cf.geekdo-images.com/98LnQShydr11OBKS46xY-Q__thumb/img/et-fnuozyOdBOVL-5kSS3_7I8fw=/fit-in/200x150/filters:strip_icc()/pic5687013.jpg
285774,Marvel Champions: The Card Game,2019,1,4,2,90,45,90,14,https://cf.geekdo-images.com/kRvUgYiaOq07kC67ZK5UoQ__original/img/cqng0e4S7Cj6j6Sb49-OCggGi-8=/0x0/filters:format(jpeg)/pic4900321.jpg,https://cf.geekdo-images.com/kRvUgYiaOq07kC67ZK5UoQ__thumb/img/SDNWntiB06KhAINl06CDPkoipDc=/fit-in/200x150/filters:strip_icc()/pic4900321.jpg
286096,Tapestry,2019,1,5,3,120,90,120,12,https://cf.geekdo-images.com/7kqDmkUMGxXHr1wNPA7Gvg__original/img/e6rS0PyrVlPpJjCsWPmCaGg9PXc=/0x0/filters:format(jpeg)/pic4884996.jpg,https://cf.geekdo-images.com/7kqDmkUMGxXHr1wNPA7Gvg__thumb/img/1najF3Bh3QI7k2c9sJeTXznbvPU=/fit-in/200x150/filters:strip_icc()/pic4884996.jpg
291457,Gloomhaven: Jaws of the Lion,2020,1,4,2,120,30,120,14,https://cf.geekdo-images.com/_HhIdavYW-hid20Iq3hhmg__original/img/PBzsLRqNKQKJxGnzpb7o3qLWPQM=/0x0/filters:format(jpeg)/pic5055631.jpg,https://cf.geekdo-images.com/_HhIdavYW-hid20Iq3hhmg__thumb/img/OMkN_E5eyWrkID_cHCnQEbIixGM=/fit-in/200x150/filters:strip_icc()/pic5055631.jpg
295486,My City,2020,2,4,2,30,30,30,10,https://cf.geekdo-images.com/vjLg-uWRx3SICFZQehHqkA__original/img/fcpeirA9AFdj0MJE_movOvHAK2E=/0x0/filters:format(jpeg)/pic5428585.jpg,https://cf.geekdo-images.com/vjLg-uWRx3SICFZQehHqkA__thumb/img/-0dgIVp3J1dIi1dD7WddEfEctzw=/fit-in/200x150/filters:strip_icc()/pic5428585.jpg
295947,Cascadia,2021,1,4,2,45,30,45,10,https://cf.geekdo-images.com/MjeJZfulbsM1DSV3DrGJYA__original/img/B374C04Eip7fmQBGJzgiOTp-jyQ=/0x0/filters:format(jpeg)/pic5100691.jpg,https://cf.geekdo-images.com/MjeJZfulbsM1DSV3DrGJYA__thumb/img/tVSFjSxYEcw7sKj3unIIQV8kxoc=/fit-in/200x150/filters:strip_icc()/pic5100691.jpg
296151,Viscounts of the West Kingdom,2020,1,4,3,90,60,90,12,https://cf.geekdo-images.com/kMgSC_kRlJWt3KLj5y0BxQ__original/img/t9ccf6x3PQiL5Cqn4-mePKUNC-E=/0x0/filters:format(png)/pic5230695.png,https://cf.geekdo-images.com/kMgSC_kRlJWt3KLj5y0BxQ__thumb/img/2uNYQn2vHuNGrx5-dxc1h7Mh7Do=/fit-in/200x150/filters:strip_icc()/pic5230695.png
296912,Fort,2020,2,4,3,40,20,40,10,https://cf.geekdo-images.com/hAsqLdANmtExR5Zi41v94Q__original/img/YSzUnMqcnTg-mSk8VEnBQaRRmJU=/0x0/filters:format(png)/pic5241325.png,https://cf.geekdo-images.com/hAsqLdANmtExR5Zi41v94Q__thumb/img/YqmIsRVLpQqM-r5i1rsN91Q6fzg=/fit-in/200x150/filters:strip_icc()/pic5241325.png
300322,Hallertau,2020,1,4,2,140,50,140,12,https://cf.geekdo-images.com/AdJBpY_o7PQEcoJPU1QdTg__original/img/6iXYfqlV5oZgqMAUHyWVKxn_7AM=/0x0/filters:format(jpeg)/pic5869977.jpg,https://cf.geekdo-images.com/AdJBpY_o7PQEcoJPU1QdTg__thumb/img/4E7KeT1tnpwc5e4DJujgh8R8eCk=/fit-in/200x150/filters:strip_icc()/pic5869977.jpg
300877,New York Zoo,2020,1,5,2,60,30,60,10,https://cf.geekdo-images.com/8vqr1uYik715mqDqy0W9vg__original/img/n_Q1WMkgDeNke6RdnagDS6j1lcc=/0x0/filters:format(jpeg)/pic5673404.jpg,https://cf.geekdo-images.com/8vqr1uYik715mqDqy0W9vg__thumb/img/Bu97VesRjdbQO2PxfuOrdC6icd8=/fit-in/200x150/filters:strip_icc()/pic5673404.jpg
306040,Merv: The Heart of the Silk Road,2020,1,4,4,90,90,90,14,https://cf.geekdo-images.com/y6DEV5Qf6hyXpxRlafgOWw__original/img/9yTRhWdnV6l-EkLmmKZNlWa_DzE=/0x0/filters:format(jpeg)/pic5314414.jpg,https://cf.geekdo-images.com/y6DEV5Qf6hyXpxRlafgOWw__thumb/img/aVefQAlc_n4d3GCToQYMluFpgBs=/fit-in/200x150/filters:strip_icc()/pic5314414.jpg
307305,Bullet♥︎,2021,1,4,2,20,10,20,13,https://cf.geekdo-images.com/315gnIdET7dlQ_fASt8p0w__original/img/X2MDGNIMouqDtC6617rzlxW5LDw=/0x0/filters:format(jpeg)/pic6007944.jpg,https://cf.geekdo-images.com/315gnIdET7dlQ_fASt8p0w__thumb/img/ZUVCes8DtY3pYnUJ3zghUkhT3fQ=/fit-in/200x150/filters:strip_icc()/pic6007944.jpg
311193,Anno 1800,2020,2,4,3,120,120,120,12,https://cf.geekdo-images.com/B21RQfIBnt2A_CYq8iZvrg__original/img/UXIVL5GrcjSmLRQwjCa-8fviulU=/0x0/filters:format(jpeg)/pic6220821.jpg,https://cf.geekdo-images.com/B21RQfIBnt2A_CYq8iZvrg__thumb/img/CtIlRyLdXN0b3TC8nM_8KZCrlN8=/fit-in/200x150/filters:strip_icc()/pic6220821.jpg
316546,Clever Cubed,2020,1,4,2,30,30,30,14,https://cf.geekdo-images.com/ksjSyTc0AY0M7CKLD6OA5w__original/img/KivWSWuu1M9OUvga-bmltHA9mRw=/0x0/filters:format(jpeg)/pic5929690.jpg,https://cf.geekdo-images.com/ksjSyTc0AY0M7CKLD6OA5w__thumb/img/iNPGRJGuD3nWLqqpW6A2fes34CE=/fit-in/200x150/filters:strip_icc()/pic5929690.jpg
316858,CloudAge,2020,1,4,2,100,60,100,10,https://cf.geekdo-images.com/yfoefJ7a0cEhKxMUV0sDqQ__original/img/CLfNBF-s6LBns62OMPX7kmi-iR0=/0x0/filters:format(jpeg)/pic5955679.jpg,https://cf.geekdo-images.com/yfoefJ7a0cEhKxMUV0sDqQ__thumb/img/LYoDI0narqs87hfBnimak-qN2EQ=/fit-in/200x150/filters:strip_icc()/pic5955679.jpg
318977,MicroMacro: Crime City,2020,1,4,2,45,15,45,12,https://cf.geekdo-images.com/1M-1d6fr3U9t670MCVOTeg__original/img/QxxRpFr57KrNdyFSzslHPN95mSA=/0x0/filters:format(jpeg)/pic5896816.jpg,https://cf.geekdo-images.com/1M-1d6fr3U9t670MCVOTeg__thumb/img/aR9LNVhRr_hnIIoYwxFUTb8rPMk=/fit-in/200x150/filters:strip_icc()/pic5896816.jpg
324856,The Crew: Mission Deep Sea,2021,2,5,4,20,20,20,10,https://cf.geekdo-images.com/VuBqZ1sMaDAVVHF_OEJP4g__original/img/jGWxczXC_VWZofeAmlO_DkB0hCI=/0x0/filters:format(jpeg)/pic5988903.jpg,https://cf.geekdo-images.com/VuBqZ1sMaDAVVHF_OEJP4g__thumb/img/EdacXlcFZ06YK0-ZKa0oKwL4VCw=/fit-in/200x150/filters:strip_icc()/pic5988903.jpg
328871,Terraforming Mars: Ares Expedition,2021,1,4,3,60,45,60,14,https://cf.geekdo-images.com/eT_Atcy_vRJvuUMgYakNrQ__original/img/upZwrb6k8zZMNTwB8VfpI372yuo=/0x0/filters:format(jpeg)/pic6260098.jpg,https://cf.geekdo-images.com/eT_Atcy_vRJvuUMgYakNrQ__thumb/img/YxoNRQg9owsoi68POaMY0Ix31ZI=/fit-in/200x150/filters:strip_icc()/pic6260098.jpg
342942,Ark Nova,2021,1,4,2,150,90,150,14,https://cf.geekdo-images.com/SoU8p28Sk1s8MSvoM4N8pQ__original/img/g4S18szTdrXCdIwVKzMKrZrYAcM=/0x0/filters:format(jpeg)/pic6293412.jpg,https://cf.geekdo-images.com/SoU8p28Sk1s8MSvoM4N8pQ__thumb/img/4KuHNTWSMPf8vTNDKSRMMI3oOv8=/fit-in/200x150/filters:strip_icc()/pic6293412.jpg
343905,Boonlake,2021,1,4,3,160,80,160,14,https://cf.geekdo-images.com/xRcKQXVz-mDxz-32Jf7gCg__original/img/2HWmLnNrR9Kbz-9NAOiOUk6t-qk=/0x0/filters:format(jpeg)/pic6313605.jpg,https://cf.geekdo-images.com/xRcKQXVz-mDxz-32Jf7gCg__thumb/img/vIVFdw240YYQCJXKO8YC8cT3his=/fit-in/200x150/filters:strip_icc()/pic6313605.jpg
347304,Time's Up!: Harry Potter,2021,4,12,,30,30,30,8,https://cf.geekdo-images.com/eICh1PzdJnTqsQK30bQi8A__original/img/Ho-fLQWBkCw9uUalcXyw1KR_lJk=/0x0/filters:format(jpeg)/pic6483438.jpg,https://cf.geekdo-images.com/eICh1PzdJnTqsQK30bQi8A__thumb/img/4sQiaqpoLNrPEV_-jSP66IcL0Ks=/fit-in/200x150/filters:strip_icc()/pic6483438.jpg